Lane	Project	Sample	Barcode sequence	PF Clusters	 Per of the lane	Per Perfect barcode	Per One mismatch barcode	YieldMbases	Per PF Clusters	Per gte Q30 bases	Mean Quality Score
1	191218_Yan_MiSeq_GSL-PY-1430	C_SpakowiczD_AB001-A_V1C_1	TCCGCGAA+GTACTGAC	1,882,366	14.48	94.57	5.43	1,133	100.00	82.74	33.86
1	191218_Yan_MiSeq_GSL-PY-1430	C_SpakowiczD_AB001-CA_V1C_1	TCTCGCGC+ATAGAGGC	5,010	0.04	92.10	7.90	3	100.00	58.27	27.49
1	191218_Yan_MiSeq_GSL-PY-1430	C_SpakowiczD_AB001-CI_V1C_1	AGCGATAG+ATAGAGGC	11,827	0.09	90.56	9.44	7	100.00	82.80	33.84
1	191218_Yan_MiSeq_GSL-PY-1430	C_SpakowiczD_AB001-I_V1C_1	CTGAAGCT+CAGGACGT	254,628	1.96	94.73	5.27	153	100.00	80.29	33.17
1	191218_Yan_MiSeq_GSL-PY-1430	C_SpakowiczD_AB002-A_V1C_1	CGGCTATG+CAGGACGT	355,313	2.73	93.93	6.07	214	100.00	83.93	34.09
1	191218_Yan_MiSeq_GSL-PY-1430	C_SpakowiczD_AB002-CA_V1C_1	ATTACTCG+CCTATCCT	1,375	0.01	88.15	11.85	1	100.00	69.40	30.37
1	191218_Yan_MiSeq_GSL-PY-1430	C_SpakowiczD_AB002-CI_V1C_1	TCCGGAGA+CCTATCCT	47,879	0.37	91.50	8.50	29	100.00	62.10	28.41
1	191218_Yan_MiSeq_GSL-PY-1430	C_SpakowiczD_AB002-I_V1C_1	TAATGCGC+CAGGACGT	568,334	4.37	94.07	5.93	342	100.00	84.27	34.23
1	191218_Yan_MiSeq_GSL-PY-1430	C_SpakowiczD_AB003-A_V1C_1	TCCGCGAA+CAGGACGT	399,699	3.07	93.53	6.47	241	100.00	84.11	34.19
1	191218_Yan_MiSeq_GSL-PY-1430	C_SpakowiczD_AB003-CA_V1C_1	CGCTCATT+CCTATCCT	12,735	0.10	90.48	9.52	8	100.00	60.43	27.96
1	191218_Yan_MiSeq_GSL-PY-1430	C_SpakowiczD_AB003-CI_V1C_1	GAGATTCC+CCTATCCT	2,990	0.02	88.56	11.44	2	100.00	64.98	29.18
1	191218_Yan_MiSeq_GSL-PY-1430	C_SpakowiczD_AB003-I_V1C_1	ATTCAGAA+TATAGCCT	895	0.01	79.11	20.89	1	100.00	72.64	31.38
1	191218_Yan_MiSeq_GSL-PY-1430	C_SpakowiczD_AB004-A_V1C_1	TCTCGCGC+CAGGACGT	281,267	2.16	94.06	5.94	169	100.00	84.93	34.38
1	191218_Yan_MiSeq_GSL-PY-1430	C_SpakowiczD_AB004-CA_V1C_1	ATTCAGAA+CCTATCCT	74,091	0.57	91.86	8.14	45	100.00	62.72	28.58
1	191218_Yan_MiSeq_GSL-PY-1430	C_SpakowiczD_AB004-CI_V1C_1	GAATTCGT+CCTATCCT	33,103	0.25	91.53	8.47	20	100.00	65.52	29.27
1	191218_Yan_MiSeq_GSL-PY-1430	C_SpakowiczD_AB004-I_V1C_1	AGCGATAG+CAGGACGT	288,383	2.22	92.85	7.15	174	100.00	85.12	34.42
1	191218_Yan_MiSeq_GSL-PY-1430	C_SpakowiczD_AB005-A_V1C_1	ATTACTCG+TATAGCCT	75,838	0.58	91.60	8.40	46	100.00	85.63	34.54
1	191218_Yan_MiSeq_GSL-PY-1430	C_SpakowiczD_AB005-CA_V1C_1	CTGAAGCT+CCTATCCT	79,896	0.61	92.65	7.35	48	100.00	62.32	28.45
1	191218_Yan_MiSeq_GSL-PY-1430	C_SpakowiczD_AB005-CI_V1C_1	TAATGCGC+CCTATCCT	15,141	0.12	89.03	10.97	9	100.00	80.35	33.15
1	191218_Yan_MiSeq_GSL-PY-1430	C_SpakowiczD_AB005-I_V1C_1	TCCGGAGA+TATAGCCT	123,468	0.95	90.97	9.03	74	100.00	84.62	34.29
1	191218_Yan_MiSeq_GSL-PY-1430	C_SpakowiczD_AB006-A_V1C_1	CGCTCATT+TATAGCCT	17,533	0.13	90.48	9.52	11	100.00	83.70	34.02
1	191218_Yan_MiSeq_GSL-PY-1430	C_SpakowiczD_AB006-CA_V1C_1	CGGCTATG+CCTATCCT	963	0.01	83.28	16.72	1	100.00	60.32	28.18
1	191218_Yan_MiSeq_GSL-PY-1430	C_SpakowiczD_AB006-CI_V1C_1	TCCGCGAA+CCTATCCT	22,404	0.17	88.10	11.90	13	100.00	77.21	32.35
1	191218_Yan_MiSeq_GSL-PY-1430	C_SpakowiczD_AB006-I_V1C_1	GAGATTCC+TATAGCCT	82,144	0.63	91.09	8.91	49	100.00	85.07	34.39
1	191218_Yan_MiSeq_GSL-PY-1430	C_SpakowiczD_AB007-A_V1C_1	ATTACTCG+GTACTGAC	119,553	0.92	94.24	5.76	72	100.00	79.52	32.99
1	191218_Yan_MiSeq_GSL-PY-1430	C_SpakowiczD_AB007-CA_V1C_1	TCTCGCGC+CCTATCCT	98,964	0.76	91.72	8.28	60	100.00	62.68	28.55
1	191218_Yan_MiSeq_GSL-PY-1430	C_SpakowiczD_AB007-CI_V1C_1	AGCGATAG+CCTATCCT	8,049	0.06	89.46	10.54	5	100.00	71.17	30.76
1	191218_Yan_MiSeq_GSL-PY-1430	C_SpakowiczD_AB007-I_V1C_1	GAATTCGT+TATAGCCT	8,451	0.06	89.41	10.59	5	100.00	83.11	33.90
1	191218_Yan_MiSeq_GSL-PY-1430	C_SpakowiczD_AB008-A_V1C_1	CTGAAGCT+TATAGCCT	48,993	0.38	91.66	8.34	29	100.00	85.06	34.39
1	191218_Yan_MiSeq_GSL-PY-1430	C_SpakowiczD_AB008-CA_V1C_1	ATTACTCG+GGCTCTGA	28,760	0.22	93.50	6.50	17	100.00	61.74	28.36
1	191218_Yan_MiSeq_GSL-PY-1430	C_SpakowiczD_AB008-CI_V1C_1	TCCGGAGA+GGCTCTGA	255,221	1.96	92.38	7.62	154	100.00	87.29	34.92
1	191218_Yan_MiSeq_GSL-PY-1430	C_SpakowiczD_AB008-I_V1C_1	TAATGCGC+TATAGCCT	94,444	0.73	91.63	8.37	57	100.00	85.21	34.45
1	191218_Yan_MiSeq_GSL-PY-1430	C_SpakowiczD_AB009-A_V1C_1	CGGCTATG+TATAGCCT	16,585	0.13	90.84	9.16	10	100.00	68.56	30.13
1	191218_Yan_MiSeq_GSL-PY-1430	C_SpakowiczD_AB009-CA_V1C_1	CGCTCATT+GGCTCTGA	82,042	0.63	92.00	8.00	49	100.00	56.01	26.90
1	191218_Yan_MiSeq_GSL-PY-1430	C_SpakowiczD_AB009-CI_V1C_1	GAGATTCC+GGCTCTGA	12,433	0.10	92.14	7.86	7	100.00	83.37	33.91
1	191218_Yan_MiSeq_GSL-PY-1430	C_SpakowiczD_AB009-I_V1C_1	TCCGCGAA+TATAGCCT	74,792	0.58	90.07	9.93	45	100.00	84.20	34.21
1	191218_Yan_MiSeq_GSL-PY-1430	C_SpakowiczD_AB010-A_V1C_1	TCTCGCGC+TATAGCCT	6,929	0.05	89.12	10.88	4	100.00	83.16	33.96
1	191218_Yan_MiSeq_GSL-PY-1430	C_SpakowiczD_AB010-CA_V1C_1	ATTCAGAA+GGCTCTGA	2,439	0.02	90.00	10.00	1	100.00	62.67	28.71
1	191218_Yan_MiSeq_GSL-PY-1430	C_SpakowiczD_AB010-CI_V1C_1	GAATTCGT+GGCTCTGA	48,980	0.38	92.20	7.80	29	100.00	76.21	32.08
1	191218_Yan_MiSeq_GSL-PY-1430	C_SpakowiczD_AB010-I_V1C_1	AGCGATAG+TATAGCCT	132,834	1.02	90.74	9.26	80	100.00	86.21	34.67
1	191218_Yan_MiSeq_GSL-PY-1430	C_SpakowiczD_AB011-A_V1C_1	ATTACTCG+ATAGAGGC	98,684	0.76	93.82	6.18	59	100.00	85.38	34.49
1	191218_Yan_MiSeq_GSL-PY-1430	C_SpakowiczD_AB011-CA_V1C_1	CTGAAGCT+GGCTCTGA	12,181	0.09	93.26	6.74	7	100.00	57.34	27.26
1	191218_Yan_MiSeq_GSL-PY-1430	C_SpakowiczD_AB011-CI_V1C_1	TAATGCGC+GGCTCTGA	159,541	1.23	92.90	7.10	96	100.00	86.94	34.83
1	191218_Yan_MiSeq_GSL-PY-1430	C_SpakowiczD_AB011-I_V1C_1	TCCGGAGA+ATAGAGGC	8,213	0.06	88.65	11.35	5	100.00	82.58	33.81
1	191218_Yan_MiSeq_GSL-PY-1430	C_SpakowiczD_AB012-A_V1C_1	CGCTCATT+ATAGAGGC	18,723	0.14	92.04	7.96	11	100.00	85.07	34.40
1	191218_Yan_MiSeq_GSL-PY-1430	C_SpakowiczD_AB012-CA_V1C_1	CGGCTATG+GGCTCTGA	70,741	0.54	92.07	7.93	43	100.00	85.41	34.43
1	191218_Yan_MiSeq_GSL-PY-1430	C_SpakowiczD_AB012-CI_V1C_1	TCCGCGAA+GGCTCTGA	54,453	0.42	88.57	11.43	33	100.00	81.94	33.58
1	191218_Yan_MiSeq_GSL-PY-1430	C_SpakowiczD_AB012-I_V1C_1	GAGATTCC+ATAGAGGC	49,630	0.38	92.79	7.21	30	100.00	85.93	34.61
1	191218_Yan_MiSeq_GSL-PY-1430	C_SpakowiczD_AB013-A_V1C_1	ATTCAGAA+ATAGAGGC	50,930	0.39	92.56	7.44	31	100.00	83.52	34.03
1	191218_Yan_MiSeq_GSL-PY-1430	C_SpakowiczD_AB013-CA_V1C_1	TCTCGCGC+GGCTCTGA	8,496	0.07	91.33	8.67	5	100.00	71.91	31.04
1	191218_Yan_MiSeq_GSL-PY-1430	C_SpakowiczD_AB013-CI_V1C_1	AGCGATAG+GGCTCTGA	221,749	1.71	91.94	8.06	133	100.00	87.64	34.99
1	191218_Yan_MiSeq_GSL-PY-1430	C_SpakowiczD_AB013-I_V1C_1	GAATTCGT+ATAGAGGC	52,270	0.40	92.58	7.42	31	100.00	85.30	34.47
1	191218_Yan_MiSeq_GSL-PY-1430	C_SpakowiczD_AB014-A_V1C_1	CTGAAGCT+ATAGAGGC	3,400	0.03	91.50	8.50	2	100.00	83.02	33.93
1	191218_Yan_MiSeq_GSL-PY-1430	C_SpakowiczD_AB014-CA_V1C_1	ATTACTCG+AGGCGAAG	39,169	0.30	92.96	7.04	24	100.00	75.21	31.81
1	191218_Yan_MiSeq_GSL-PY-1430	C_SpakowiczD_AB014-CI_V1C_1	TCCGGAGA+AGGCGAAG	103,516	0.80	91.65	8.35	62	100.00	86.71	34.79
1	191218_Yan_MiSeq_GSL-PY-1430	C_SpakowiczD_AB014-I_V1C_1	TAATGCGC+ATAGAGGC	11,092	0.09	91.33	8.67	7	100.00	82.55	33.81
1	191218_Yan_MiSeq_GSL-PY-1430	C_SpakowiczD_AB015-A_V1C_1	CGGCTATG+ATAGAGGC	52,750	0.41	92.94	7.06	32	100.00	84.33	34.21
1	191218_Yan_MiSeq_GSL-PY-1430	C_SpakowiczD_AB015-CA_V1C_1	CGCTCATT+AGGCGAAG	8,002	0.06	91.61	8.39	5	100.00	65.21	29.25
1	191218_Yan_MiSeq_GSL-PY-1430	C_SpakowiczD_AB015-CI_V1C_1	GAGATTCC+AGGCGAAG	187,705	1.44	91.81	8.19	113	100.00	87.47	34.96
1	191218_Yan_MiSeq_GSL-PY-1430	C_SpakowiczD_AB015-I_V1C_1	TCCGCGAA+ATAGAGGC	58,530	0.45	92.91	7.09	35	100.00	83.35	34.00
1	191218_Yan_MiSeq_GSL-PY-1430	C_SpakowiczD_AB016-A_V1C_1	TCCGGAGA+GTACTGAC	320,458	2.46	91.33	8.67	193	100.00	83.53	34.05
1	191218_Yan_MiSeq_GSL-PY-1430	C_SpakowiczD_AB016-CA_V1C_1	ATTCAGAA+AGGCGAAG	11,906	0.09	92.41	7.59	7	100.00	59.23	27.74
1	191218_Yan_MiSeq_GSL-PY-1430	C_SpakowiczD_AB016-CI_V1C_1	GAATTCGT+AGGCGAAG	569	0.00	67.66	32.34	0	100.00	70.53	30.94
1	191218_Yan_MiSeq_GSL-PY-1430	C_SpakowiczD_AB016-I_V1C_1	CGCTCATT+GTACTGAC	31,324	0.24	92.47	7.53	19	100.00	79.70	33.02
1	191218_Yan_MiSeq_GSL-PY-1430	C_SpakowiczD_AB017-A_V1C_1	GAGATTCC+GTACTGAC	67,494	0.52	92.78	7.22	41	100.00	83.13	33.92
1	191218_Yan_MiSeq_GSL-PY-1430	C_SpakowiczD_AB017-CA_V1C_1	AGCGATAG+TAATCTTA	19,796	0.15	91.45	8.55	12	100.00	61.28	28.20
1	191218_Yan_MiSeq_GSL-PY-1430	C_SpakowiczD_AB017-CI_V1C_1	TCCGGAGA+CAGGACGT	290,207	2.23	93.55	6.45	175	100.00	85.56	34.50
1	191218_Yan_MiSeq_GSL-PY-1430	C_SpakowiczD_AB017-I_V1C_1	ATTCAGAA+GTACTGAC	312,243	2.40	93.73	6.27	188	100.00	83.74	34.09
1	191218_Yan_MiSeq_GSL-PY-1430	C_SpakowiczD_ABNEG-C_V1C_1	CGCTCATT+CAGGACGT	6,208	0.05	90.53	9.47	4	100.00	80.02	33.15
1	191218_Yan_MiSeq_GSL-PY-1430	C_SpakowiczD_ABNEG_V1C_1	GAGATTCC+CAGGACGT	1,650	0.01	77.21	22.79	1	100.00	57.66	27.62
1	191218_Yan_MiSeq_GSL-PY-1430	C_SpakowiczD_RB001_V1C_1	GAATTCGT+GTACTGAC	225,871	1.74	93.59	6.41	136	100.00	85.35	34.46
1	191218_Yan_MiSeq_GSL-PY-1430	C_SpakowiczD_RB002_V1C_1	CTGAAGCT+GTACTGAC	1,928	0.01	61.98	38.02	1	100.00	55.17	27.23
1	191218_Yan_MiSeq_GSL-PY-1430	C_SpakowiczD_RB003_V1C_1	TAATGCGC+GTACTGAC	340,287	2.62	93.90	6.10	205	100.00	83.97	34.15
1	191218_Yan_MiSeq_GSL-PY-1430	C_SpakowiczD_RB004_V1C_1	CGGCTATG+GTACTGAC	305,782	2.35	93.51	6.49	184	100.00	84.46	34.27
1	191218_Yan_MiSeq_GSL-PY-1430	C_SpakowiczD_RB005_V1C_1	ATTCAGAA+CAGGACGT	74,685	0.57	92.97	7.03	45	100.00	83.82	34.12
1	191218_Yan_MiSeq_GSL-PY-1430	C_SpakowiczD_RB006_V1C_1	CTGAAGCT+AGGCGAAG	77,455	0.60	91.99	8.01	47	100.00	85.72	34.56
1	191218_Yan_MiSeq_GSL-PY-1430	C_SpakowiczD_RB007_V1C_1	TAATGCGC+AGGCGAAG	54,926	0.42	91.57	8.43	33	100.00	84.77	34.34
1	191218_Yan_MiSeq_GSL-PY-1430	C_SpakowiczD_RB008_V1C_1	CGGCTATG+AGGCGAAG	58,470	0.45	91.15	8.85	35	100.00	85.37	34.48
1	191218_Yan_MiSeq_GSL-PY-1430	C_SpakowiczD_RB009_V1C_1	TCTCGCGC+AGGCGAAG	61,026	0.47	91.75	8.25	37	100.00	85.13	34.43
1	191218_Yan_MiSeq_GSL-PY-1430	C_SpakowiczD_RB010_V1C_1	AGCGATAG+AGGCGAAG	48,300	0.37	90.66	9.34	29	100.00	85.41	34.49
1	191218_Yan_MiSeq_GSL-PY-1430	C_SpakowiczD_RB011_V1C_1	ATTACTCG+TAATCTTA	73,266	0.56	93.28	6.72	44	100.00	85.67	34.54
1	191218_Yan_MiSeq_GSL-PY-1430	C_SpakowiczD_RB012_V1C_1	TCCGGAGA+TAATCTTA	49,666	0.38	91.67	8.33	30	100.00	85.12	34.42
1	191218_Yan_MiSeq_GSL-PY-1430	C_SpakowiczD_RB013_V1C_1	CGCTCATT+TAATCTTA	98	0.00	56.12	43.88	0	100.00	59.44	28.24
1	191218_Yan_MiSeq_GSL-PY-1430	C_SpakowiczD_RB014_V1C_1	GAGATTCC+TAATCTTA	53,113	0.41	92.32	7.68	32	100.00	86.34	34.71
1	191218_Yan_MiSeq_GSL-PY-1430	C_SpakowiczD_RB015_V1C_1	ATTCAGAA+TAATCTTA	39,251	0.30	91.88	8.12	24	100.00	84.69	34.32
1	191218_Yan_MiSeq_GSL-PY-1430	C_SpakowiczD_RB016_V1C_1	GAATTCGT+TAATCTTA	131,367	1.01	92.20	7.80	79	100.00	85.95	34.62
1	191218_Yan_MiSeq_GSL-PY-1430	C_SpakowiczD_RB017_V1C_1	CTGAAGCT+TAATCTTA	74,967	0.58	93.22	6.78	45	100.00	86.06	34.64
1	191218_Yan_MiSeq_GSL-PY-1430	C_SpakowiczD_RB018_V1C_1	TAATGCGC+TAATCTTA	62,147	0.48	92.24	7.76	37	100.00	85.01	34.39
1	191218_Yan_MiSeq_GSL-PY-1430	C_SpakowiczD_RB019_V1C_1	CGGCTATG+TAATCTTA	54,411	0.42	92.21	7.79	33	100.00	85.67	34.55
1	191218_Yan_MiSeq_GSL-PY-1430	C_SpakowiczD_RB020_V1C_1	TCCGCGAA+TAATCTTA	64,457	0.50	91.43	8.57	39	100.00	84.14	34.20
1	191218_Yan_MiSeq_GSL-PY-1430	C_SpakowiczD_RB021_V1C_1	TCTCGCGC+TAATCTTA	79,936	0.61	92.82	7.18	48	100.00	80.74	33.27
1	191218_Yan_MiSeq_GSL-PY-1430	C_SpakowiczD_RBPOS_V1C_1	TCCGCGAA+AGGCGAAG	85,372	0.66	90.87	9.13	51	100.00	84.23	34.22
